,pegRNA group,type,spacer sequence,spacer GC content,PAM,strand,peg-to-edit distance,nick-to-peg distance,pegRNA extension,extension first base,PBS length,PBS GC content,PBS Tm,RTT length,RTT GC content,annotation,spacer top strand oligo,spacer bottom strand oligo,pegRNA extension top strand oligo,pegRNA extension bottom strand oligo,CFD score
0,7,pegRNA,CTGTTTGACGGTAGCTGCTG,0.55,AGG,+,10,,TaCCGCCTCAGCAGCTACCGTCA,T,12,0.58,31.308719551986712,11,0.64,PAM_intact,caccGCTGTTTGACGGTAGCTGCTGgtttt,ctctaaaacCAGCAGCTACCGTCAAACAGC,gtgcTaCCGCCTCAGCAGCTACCGTCA,aaaaTGACGGTAGCTGCTGAGGCGGtA,
1,7,pegRNA,CTGTTTGACGGTAGCTGCTG,0.55,AGG,+,10,,TaCCGCCTCAGCAGCTACCGTCAA,T,13,0.54,33.665935122110625,11,0.64,PAM_intact,caccGCTGTTTGACGGTAGCTGCTGgtttt,ctctaaaacCAGCAGCTACCGTCAAACAGC,gtgcTaCCGCCTCAGCAGCTACCGTCAA,aaaaTTGACGGTAGCTGCTGAGGCGGtA,
2,7,pegRNA,CTGTTTGACGGTAGCTGCTG,0.55,AGG,+,10,,TaCCGCCTCAGCAGCTACCGTCAAA,T,14,0.50,35.72274529898186,11,0.64,PAM_intact,caccGCTGTTTGACGGTAGCTGCTGgtttt,ctctaaaacCAGCAGCTACCGTCAAACAGC,gtgcTaCCGCCTCAGCAGCTACCGTCAAA,aaaaTTTGACGGTAGCTGCTGAGGCGGtA,
3,7,pegRNA,CTGTTTGACGGTAGCTGCTG,0.55,AGG,+,10,,TCTaCCGCCTCAGCAGCTACCGTCA,T,12,0.58,31.308719551986712,13,0.62,PAM_intact,caccGCTGTTTGACGGTAGCTGCTGgtttt,ctctaaaacCAGCAGCTACCGTCAAACAGC,gtgcTCTaCCGCCTCAGCAGCTACCGTCA,aaaaTGACGGTAGCTGCTGAGGCGGtAGA,
4,7,pegRNA,CTGTTTGACGGTAGCTGCTG,0.55,AGG,+,10,,TCTaCCGCCTCAGCAGCTACCGTCAA,T,13,0.54,33.665935122110625,13,0.62,PAM_intact,caccGCTGTTTGACGGTAGCTGCTGgtttt,ctctaaaacCAGCAGCTACCGTCAAACAGC,gtgcTCTaCCGCCTCAGCAGCTACCGTCAA,aaaaTTGACGGTAGCTGCTGAGGCGGtAGA,
5,7,pegRNA,CTGTTTGACGGTAGCTGCTG,0.55,AGG,+,10,,TCTaCCGCCTCAGCAGCTACCGTCAAA,T,14,0.50,35.72274529898186,13,0.62,PAM_intact,caccGCTGTTTGACGGTAGCTGCTGgtttt,ctctaaaacCAGCAGCTACCGTCAAACAGC,gtgcTCTaCCGCCTCAGCAGCTACCGTCAAA,aaaaTTTGACGGTAGCTGCTGAGGCGGtAGA,
6,7,pegRNA,CTGTTTGACGGTAGCTGCTG,0.55,AGG,+,10,,TCTCTaCCGCCTCAGCAGCTACCGTCA,T,12,0.58,31.308719551986712,15,0.60,PAM_intact,caccGCTGTTTGACGGTAGCTGCTGgtttt,ctctaaaacCAGCAGCTACCGTCAAACAGC,gtgcTCTCTaCCGCCTCAGCAGCTACCGTCA,aaaaTGACGGTAGCTGCTGAGGCGGtAGAGA,
7,7,pegRNA,CTGTTTGACGGTAGCTGCTG,0.55,AGG,+,10,,TCTCTaCCGCCTCAGCAGCTACCGTCAA,T,13,0.54,33.665935122110625,15,0.60,PAM_intact,caccGCTGTTTGACGGTAGCTGCTGgtttt,ctctaaaacCAGCAGCTACCGTCAAACAGC,gtgcTCTCTaCCGCCTCAGCAGCTACCGTCAA,aaaaTTGACGGTAGCTGCTGAGGCGGtAGAGA,
8,7,pegRNA,CTGTTTGACGGTAGCTGCTG,0.55,AGG,+,10,,TCTCTaCCGCCTCAGCAGCTACCGTCAAA,T,14,0.50,35.72274529898186,15,0.60,PAM_intact,caccGCTGTTTGACGGTAGCTGCTGgtttt,ctctaaaacCAGCAGCTACCGTCAAACAGC,gtgcTCTCTaCCGCCTCAGCAGCTACCGTCAAA,aaaaTTTGACGGTAGCTGCTGAGGCGGtAGAGA,
9,7,pegRNA,CTGTTTGACGGTAGCTGCTG,0.55,AGG,+,10,,GTCTCTaCCGCCTCAGCAGCTACCGTCA,G,12,0.58,31.308719551986712,16,0.62,PAM_intact,caccGCTGTTTGACGGTAGCTGCTGgtttt,ctctaaaacCAGCAGCTACCGTCAAACAGC,gtgcGTCTCTaCCGCCTCAGCAGCTACCGTCA,aaaaTGACGGTAGCTGCTGAGGCGGtAGAGAC,
10,7,pegRNA,CTGTTTGACGGTAGCTGCTG,0.55,AGG,+,10,,GTCTCTaCCGCCTCAGCAGCTACCGTCAA,G,13,0.54,33.665935122110625,16,0.62,PAM_intact,caccGCTGTTTGACGGTAGCTGCTGgtttt,ctctaaaacCAGCAGCTACCGTCAAACAGC,gtgcGTCTCTaCCGCCTCAGCAGCTACCGTCAA,aaaaTTGACGGTAGCTGCTGAGGCGGtAGAGAC,
11,7,pegRNA,CTGTTTGACGGTAGCTGCTG,0.55,AGG,+,10,,GTCTCTaCCGCCTCAGCAGCTACCGTCAAA,G,14,0.50,35.72274529898186,16,0.62,PAM_intact,caccGCTGTTTGACGGTAGCTGCTGgtttt,ctctaaaacCAGCAGCTACCGTCAAACAGC,gtgcGTCTCTaCCGCCTCAGCAGCTACCGTCAAA,aaaaTTTGACGGTAGCTGCTGAGGCGGtAGAGAC,
12,7,pegRNA,CTGTTTGACGGTAGCTGCTG,0.55,AGG,+,10,,GGTCTCTaCCGCCTCAGCAGCTACCGTCA,G,12,0.58,31.308719551986712,17,0.65,PAM_intact,caccGCTGTTTGACGGTAGCTGCTGgtttt,ctctaaaacCAGCAGCTACCGTCAAACAGC,gtgcGGTCTCTaCCGCCTCAGCAGCTACCGTCA,aaaaTGACGGTAGCTGCTGAGGCGGtAGAGACC,
13,7,pegRNA,CTGTTTGACGGTAGCTGCTG,0.55,AGG,+,10,,GGTCTCTaCCGCCTCAGCAGCTACCGTCAA,G,13,0.54,33.665935122110625,17,0.65,PAM_intact,caccGCTGTTTGACGGTAGCTGCTGgtttt,ctctaaaacCAGCAGCTACCGTCAAACAGC,gtgcGGTCTCTaCCGCCTCAGCAGCTACCGTCAA,aaaaTTGACGGTAGCTGCTGAGGCGGtAGAGACC,
14,7,pegRNA,CTGTTTGACGGTAGCTGCTG,0.55,AGG,+,10,,GGTCTCTaCCGCCTCAGCAGCTACCGTCAAA,G,14,0.50,35.72274529898186,17,0.65,PAM_intact,caccGCTGTTTGACGGTAGCTGCTGgtttt,ctctaaaacCAGCAGCTACCGTCAAACAGC,gtgcGGTCTCTaCCGCCTCAGCAGCTACCGTCAAA,aaaaTTTGACGGTAGCTGCTGAGGCGGtAGAGACC,
15,7,pegRNA,CTGTTTGACGGTAGCTGCTG,0.55,AGG,+,10,,GGGTCTCTaCCGCCTCAGCAGCTACCGTCA,G,12,0.58,31.308719551986712,18,0.67,PAM_intact,caccGCTGTTTGACGGTAGCTGCTGgtttt,ctctaaaacCAGCAGCTACCGTCAAACAGC,gtgcGGGTCTCTaCCGCCTCAGCAGCTACCGTCA,aaaaTGACGGTAGCTGCTGAGGCGGtAGAGACCC,
16,7,pegRNA,CTGTTTGACGGTAGCTGCTG,0.55,AGG,+,10,,GGGTCTCTaCCGCCTCAGCAGCTACCGTCAA,G,13,0.54,33.665935122110625,18,0.67,PAM_intact,caccGCTGTTTGACGGTAGCTGCTGgtttt,ctctaaaacCAGCAGCTACCGTCAAACAGC,gtgcGGGTCTCTaCCGCCTCAGCAGCTACCGTCAA,aaaaTTGACGGTAGCTGCTGAGGCGGtAGAGACCC,
17,7,pegRNA,CTGTTTGACGGTAGCTGCTG,0.55,AGG,+,10,,GGGTCTCTaCCGCCTCAGCAGCTACCGTCAAA,G,14,0.50,35.72274529898186,18,0.67,PAM_intact,caccGCTGTTTGACGGTAGCTGCTGgtttt,ctctaaaacCAGCAGCTACCGTCAAACAGC,gtgcGGGTCTCTaCCGCCTCAGCAGCTACCGTCAAA,aaaaTTTGACGGTAGCTGCTGAGGCGGtAGAGACCC,
18,7,pegRNA,CTGTTTGACGGTAGCTGCTG,0.55,AGG,+,10,,AGGGTCTCTaCCGCCTCAGCAGCTACCGTCA,A,12,0.58,31.308719551986712,19,0.63,PAM_intact,caccGCTGTTTGACGGTAGCTGCTGgtttt,ctctaaaacCAGCAGCTACCGTCAAACAGC,gtgcAGGGTCTCTaCCGCCTCAGCAGCTACCGTCA,aaaaTGACGGTAGCTGCTGAGGCGGtAGAGACCCT,
19,7,pegRNA,CTGTTTGACGGTAGCTGCTG,0.55,AGG,+,10,,AGGGTCTCTaCCGCCTCAGCAGCTACCGTCAA,A,13,0.54,33.665935122110625,19,0.63,PAM_intact,caccGCTGTTTGACGGTAGCTGCTGgtttt,ctctaaaacCAGCAGCTACCGTCAAACAGC,gtgcAGGGTCTCTaCCGCCTCAGCAGCTACCGTCAA,aaaaTTGACGGTAGCTGCTGAGGCGGtAGAGACCCT,
20,7,pegRNA,CTGTTTGACGGTAGCTGCTG,0.55,AGG,+,10,,AGGGTCTCTaCCGCCTCAGCAGCTACCGTCAAA,A,14,0.50,35.72274529898186,19,0.63,PAM_intact,caccGCTGTTTGACGGTAGCTGCTGgtttt,ctctaaaacCAGCAGCTACCGTCAAACAGC,gtgcAGGGTCTCTaCCGCCTCAGCAGCTACCGTCAAA,aaaaTTTGACGGTAGCTGCTGAGGCGGtAGAGACCCT,
21,7,pegRNA,CTGTTTGACGGTAGCTGCTG,0.55,AGG,+,10,,GAGGGTCTCTaCCGCCTCAGCAGCTACCGTCA,G,12,0.58,31.308719551986712,20,0.65,PAM_intact,caccGCTGTTTGACGGTAGCTGCTGgtttt,ctctaaaacCAGCAGCTACCGTCAAACAGC,gtgcGAGGGTCTCTaCCGCCTCAGCAGCTACCGTCA,aaaaTGACGGTAGCTGCTGAGGCGGtAGAGACCCTC,
22,7,pegRNA,CTGTTTGACGGTAGCTGCTG,0.55,AGG,+,10,,GAGGGTCTCTaCCGCCTCAGCAGCTACCGTCAA,G,13,0.54,33.665935122110625,20,0.65,PAM_intact,caccGCTGTTTGACGGTAGCTGCTGgtttt,ctctaaaacCAGCAGCTACCGTCAAACAGC,gtgcGAGGGTCTCTaCCGCCTCAGCAGCTACCGTCAA,aaaaTTGACGGTAGCTGCTGAGGCGGtAGAGACCCTC,
23,7,pegRNA,CTGTTTGACGGTAGCTGCTG,0.55,AGG,+,10,,GAGGGTCTCTaCCGCCTCAGCAGCTACCGTCAAA,G,14,0.50,35.72274529898186,20,0.65,PAM_intact,caccGCTGTTTGACGGTAGCTGCTGgtttt,ctctaaaacCAGCAGCTACCGTCAAACAGC,gtgcGAGGGTCTCTaCCGCCTCAGCAGCTACCGTCAAA,aaaaTTTGACGGTAGCTGCTGAGGCGGtAGAGACCCTC,
24,7,ngRNA,ATCAACAGTTAACGAACACG,0.40,TGG,-,,-119,,,,,,,,PE3,caccGATCAACAGTTAACGAACACG,aaacCGTGTTCGTTAACTGTTGATC,,,
25,7,ngRNA,GATAACAGAGCTGAATTTGA,0.35,CGG,-,,-72,,,,,,,,PE3,caccGATAACAGAGCTGAATTTGA,aaacTCAAATTCAGCTCTGTTATC,,,
26,7,ngRNA,CCATTTGACACATAACGCCC,0.50,GGG,-,,-50,,,,,,,,PE3,caccGCCATTTGACACATAACGCCC,aaacGGGCGTTATGTGTCAAATGGC,,,
27,7,ngRNA,GCCATTTGACACATAACGCC,0.50,CGG,-,,-49,,,,,,,,PE3,caccGCCATTTGACACATAACGCC,aaacGGCGTTATGTGTCAAATGGC,,,
28,7,ngRNA,TAGTGACATAGCCCGACGGA,0.55,GGG,-,,21,,,,,,,,PE3,caccGTAGTGACATAGCCCGACGGA,aaacTCCGTCGGGCTATGTCACTAC,,,
29,7,ngRNA,TTAGTGACATAGCCCGACGG,0.55,AGG,-,,22,,,,,,,,PE3,caccGTTAGTGACATAGCCCGACGG,aaacCCGTCGGGCTATGTCACTAAC,,,
30,7,ngRNA,GTATTAGTGACATAGCCCGA,0.45,CGG,-,,25,,,,,,,,PE3,caccGTATTAGTGACATAGCCCGA,aaacTCGGGCTATGTCACTAATAC,,,
31,7,ngRNA,CAGCATCGGTACGGGGCGTT,0.65,TGG,-,,51,,,,,,,,PE3,caccGCAGCATCGGTACGGGGCGTT,aaacAACGCCCCGTACCGATGCTGC,,,
32,7,ngRNA,ACTTGTTCAGCATCGGTACG,0.50,GGG,-,,58,,,,,,,,PE3,caccGACTTGTTCAGCATCGGTACG,aaacCGTACCGATGCTGAACAAGTC,,,
33,7,ngRNA,GACTTGTTCAGCATCGGTAC,0.50,GGG,-,,59,,,,,,,,PE3,caccGACTTGTTCAGCATCGGTAC,aaacGTACCGATGCTGAACAAGTC,,,
34,7,ngRNA,CGACTTGTTCAGCATCGGTA,0.50,CGG,-,,60,,,,,,,,PE3,caccGCGACTTGTTCAGCATCGGTA,aaacTACCGATGCTGAACAAGTCGC,,,
35,7,ngRNA,TGCATCGACTTGTTCAGCAT,0.45,CGG,-,,65,,,,,,,,PE3,caccGTGCATCGACTTGTTCAGCAT,aaacATGCTGAACAAGTCGATGCAC,,,
36,8,pegRNA,TTTGACGGTAGCTGCTGAGG,0.55,CGG,+,7,,TCTaCCGCCTCAGCAGCTACCG,T,12,0.67,37.37583177823666,10,0.60,PAM_intact,caccGTTTGACGGTAGCTGCTGAGGgtttt,ctctaaaacCCTCAGCAGCTACCGTCAAAC,gtgcTCTaCCGCCTCAGCAGCTACCG,aaaaCGGTAGCTGCTGAGGCGGtAGA,
37,8,pegRNA,TTTGACGGTAGCTGCTGAGG,0.55,CGG,+,7,,TCTaCCGCCTCAGCAGCTACCGT,T,13,0.62,39.62369559410439,10,0.60,PAM_intact,caccGTTTGACGGTAGCTGCTGAGGgtttt,ctctaaaacCCTCAGCAGCTACCGTCAAAC,gtgcTCTaCCGCCTCAGCAGCTACCGT,aaaaACGGTAGCTGCTGAGGCGGtAGA,
38,8,pegRNA,TTTGACGGTAGCTGCTGAGG,0.55,CGG,+,7,,TCTaCCGCCTCAGCAGCTACCGTC,T,14,0.64,42.67764108088977,10,0.60,PAM_intact,caccGTTTGACGGTAGCTGCTGAGGgtttt,ctctaaaacCCTCAGCAGCTACCGTCAAAC,gtgcTCTaCCGCCTCAGCAGCTACCGTC,aaaaGACGGTAGCTGCTGAGGCGGtAGA,
39,8,pegRNA,TTTGACGGTAGCTGCTGAGG,0.55,CGG,+,7,,TCTCTaCCGCCTCAGCAGCTACCG,T,12,0.67,37.37583177823666,12,0.58,PAM_intact,caccGTTTGACGGTAGCTGCTGAGGgtttt,ctctaaaacCCTCAGCAGCTACCGTCAAAC,gtgcTCTCTaCCGCCTCAGCAGCTACCG,aaaaCGGTAGCTGCTGAGGCGGtAGAGA,
40,8,pegRNA,TTTGACGGTAGCTGCTGAGG,0.55,CGG,+,7,,TCTCTaCCGCCTCAGCAGCTACCGT,T,13,0.62,39.62369559410439,12,0.58,PAM_intact,caccGTTTGACGGTAGCTGCTGAGGgtttt,ctctaaaacCCTCAGCAGCTACCGTCAAAC,gtgcTCTCTaCCGCCTCAGCAGCTACCGT,aaaaACGGTAGCTGCTGAGGCGGtAGAGA,
41,8,pegRNA,TTTGACGGTAGCTGCTGAGG,0.55,CGG,+,7,,TCTCTaCCGCCTCAGCAGCTACCGTC,T,14,0.64,42.67764108088977,12,0.58,PAM_intact,caccGTTTGACGGTAGCTGCTGAGGgtttt,ctctaaaacCCTCAGCAGCTACCGTCAAAC,gtgcTCTCTaCCGCCTCAGCAGCTACCGTC,aaaaGACGGTAGCTGCTGAGGCGGtAGAGA,
42,8,pegRNA,TTTGACGGTAGCTGCTGAGG,0.55,CGG,+,7,,GTCTCTaCCGCCTCAGCAGCTACCG,G,12,0.67,37.37583177823666,13,0.62,PAM_intact,caccGTTTGACGGTAGCTGCTGAGGgtttt,ctctaaaacCCTCAGCAGCTACCGTCAAAC,gtgcGTCTCTaCCGCCTCAGCAGCTACCG,aaaaCGGTAGCTGCTGAGGCGGtAGAGAC,
43,8,pegRNA,TTTGACGGTAGCTGCTGAGG,0.55,CGG,+,7,,GTCTCTaCCGCCTCAGCAGCTACCGT,G,13,0.62,39.62369559410439,13,0.62,PAM_intact,caccGTTTGACGGTAGCTGCTGAGGgtttt,ctctaaaacCCTCAGCAGCTACCGTCAAAC,gtgcGTCTCTaCCGCCTCAGCAGCTACCGT,aaaaACGGTAGCTGCTGAGGCGGtAGAGAC,
44,8,pegRNA,TTTGACGGTAGCTGCTGAGG,0.55,CGG,+,7,,GTCTCTaCCGCCTCAGCAGCTACCGTC,G,14,0.64,42.67764108088977,13,0.62,PAM_intact,caccGTTTGACGGTAGCTGCTGAGGgtttt,ctctaaaacCCTCAGCAGCTACCGTCAAAC,gtgcGTCTCTaCCGCCTCAGCAGCTACCGTC,aaaaGACGGTAGCTGCTGAGGCGGtAGAGAC,
45,8,pegRNA,TTTGACGGTAGCTGCTGAGG,0.55,CGG,+,7,,GGTCTCTaCCGCCTCAGCAGCTACCG,G,12,0.67,37.37583177823666,14,0.64,PAM_intact,caccGTTTGACGGTAGCTGCTGAGGgtttt,ctctaaaacCCTCAGCAGCTACCGTCAAAC,gtgcGGTCTCTaCCGCCTCAGCAGCTACCG,aaaaCGGTAGCTGCTGAGGCGGtAGAGACC,
46,8,pegRNA,TTTGACGGTAGCTGCTGAGG,0.55,CGG,+,7,,GGTCTCTaCCGCCTCAGCAGCTACCGT,G,13,0.62,39.62369559410439,14,0.64,PAM_intact,caccGTTTGACGGTAGCTGCTGAGGgtttt,ctctaaaacCCTCAGCAGCTACCGTCAAAC,gtgcGGTCTCTaCCGCCTCAGCAGCTACCGT,aaaaACGGTAGCTGCTGAGGCGGtAGAGACC,
47,8,pegRNA,TTTGACGGTAGCTGCTGAGG,0.55,CGG,+,7,,GGTCTCTaCCGCCTCAGCAGCTACCGTC,G,14,0.64,42.67764108088977,14,0.64,PAM_intact,caccGTTTGACGGTAGCTGCTGAGGgtttt,ctctaaaacCCTCAGCAGCTACCGTCAAAC,gtgcGGTCTCTaCCGCCTCAGCAGCTACCGTC,aaaaGACGGTAGCTGCTGAGGCGGtAGAGACC,
48,8,pegRNA,TTTGACGGTAGCTGCTGAGG,0.55,CGG,+,7,,GGGTCTCTaCCGCCTCAGCAGCTACCG,G,12,0.67,37.37583177823666,15,0.67,PAM_intact,caccGTTTGACGGTAGCTGCTGAGGgtttt,ctctaaaacCCTCAGCAGCTACCGTCAAAC,gtgcGGGTCTCTaCCGCCTCAGCAGCTACCG,aaaaCGGTAGCTGCTGAGGCGGtAGAGACCC,
49,8,pegRNA,TTTGACGGTAGCTGCTGAGG,0.55,CGG,+,7,,GGGTCTCTaCCGCCTCAGCAGCTACCGT,G,13,0.62,39.62369559410439,15,0.67,PAM_intact,caccGTTTGACGGTAGCTGCTGAGGgtttt,ctctaaaacCCTCAGCAGCTACCGTCAAAC,gtgcGGGTCTCTaCCGCCTCAGCAGCTACCGT,aaaaACGGTAGCTGCTGAGGCGGtAGAGACCC,
50,8,pegRNA,TTTGACGGTAGCTGCTGAGG,0.55,CGG,+,7,,GGGTCTCTaCCGCCTCAGCAGCTACCGTC,G,14,0.64,42.67764108088977,15,0.67,PAM_intact,caccGTTTGACGGTAGCTGCTGAGGgtttt,ctctaaaacCCTCAGCAGCTACCGTCAAAC,gtgcGGGTCTCTaCCGCCTCAGCAGCTACCGTC,aaaaGACGGTAGCTGCTGAGGCGGtAGAGACCC,
51,8,pegRNA,TTTGACGGTAGCTGCTGAGG,0.55,CGG,+,7,,AGGGTCTCTaCCGCCTCAGCAGCTACCG,A,12,0.67,37.37583177823666,16,0.62,PAM_intact,caccGTTTGACGGTAGCTGCTGAGGgtttt,ctctaaaacCCTCAGCAGCTACCGTCAAAC,gtgcAGGGTCTCTaCCGCCTCAGCAGCTACCG,aaaaCGGTAGCTGCTGAGGCGGtAGAGACCCT,
52,8,pegRNA,TTTGACGGTAGCTGCTGAGG,0.55,CGG,+,7,,AGGGTCTCTaCCGCCTCAGCAGCTACCGT,A,13,0.62,39.62369559410439,16,0.62,PAM_intact,caccGTTTGACGGTAGCTGCTGAGGgtttt,ctctaaaacCCTCAGCAGCTACCGTCAAAC,gtgcAGGGTCTCTaCCGCCTCAGCAGCTACCGT,aaaaACGGTAGCTGCTGAGGCGGtAGAGACCCT,
53,8,pegRNA,TTTGACGGTAGCTGCTGAGG,0.55,CGG,+,7,,AGGGTCTCTaCCGCCTCAGCAGCTACCGTC,A,14,0.64,42.67764108088977,16,0.62,PAM_intact,caccGTTTGACGGTAGCTGCTGAGGgtttt,ctctaaaacCCTCAGCAGCTACCGTCAAAC,gtgcAGGGTCTCTaCCGCCTCAGCAGCTACCGTC,aaaaGACGGTAGCTGCTGAGGCGGtAGAGACCCT,
54,8,pegRNA,TTTGACGGTAGCTGCTGAGG,0.55,CGG,+,7,,GAGGGTCTCTaCCGCCTCAGCAGCTACCG,G,12,0.67,37.37583177823666,17,0.65,PAM_intact,caccGTTTGACGGTAGCTGCTGAGGgtttt,ctctaaaacCCTCAGCAGCTACCGTCAAAC,gtgcGAGGGTCTCTaCCGCCTCAGCAGCTACCG,aaaaCGGTAGCTGCTGAGGCGGtAGAGACCCTC,
55,8,pegRNA,TTTGACGGTAGCTGCTGAGG,0.55,CGG,+,7,,GAGGGTCTCTaCCGCCTCAGCAGCTACCGT,G,13,0.62,39.62369559410439,17,0.65,PAM_intact,caccGTTTGACGGTAGCTGCTGAGGgtttt,ctctaaaacCCTCAGCAGCTACCGTCAAAC,gtgcGAGGGTCTCTaCCGCCTCAGCAGCTACCGT,aaaaACGGTAGCTGCTGAGGCGGtAGAGACCCTC,
56,8,pegRNA,TTTGACGGTAGCTGCTGAGG,0.55,CGG,+,7,,GAGGGTCTCTaCCGCCTCAGCAGCTACCGTC,G,14,0.64,42.67764108088977,17,0.65,PAM_intact,caccGTTTGACGGTAGCTGCTGAGGgtttt,ctctaaaacCCTCAGCAGCTACCGTCAAAC,gtgcGAGGGTCTCTaCCGCCTCAGCAGCTACCGTC,aaaaGACGGTAGCTGCTGAGGCGGtAGAGACCCTC,
57,8,pegRNA,TTTGACGGTAGCTGCTGAGG,0.55,CGG,+,7,,GGAGGGTCTCTaCCGCCTCAGCAGCTACCG,G,12,0.67,37.37583177823666,18,0.67,PAM_intact,caccGTTTGACGGTAGCTGCTGAGGgtttt,ctctaaaacCCTCAGCAGCTACCGTCAAAC,gtgcGGAGGGTCTCTaCCGCCTCAGCAGCTACCG,aaaaCGGTAGCTGCTGAGGCGGtAGAGACCCTCC,
58,8,pegRNA,TTTGACGGTAGCTGCTGAGG,0.55,CGG,+,7,,GGAGGGTCTCTaCCGCCTCAGCAGCTACCGT,G,13,0.62,39.62369559410439,18,0.67,PAM_intact,caccGTTTGACGGTAGCTGCTGAGGgtttt,ctctaaaacCCTCAGCAGCTACCGTCAAAC,gtgcGGAGGGTCTCTaCCGCCTCAGCAGCTACCGT,aaaaACGGTAGCTGCTGAGGCGGtAGAGACCCTCC,
59,8,pegRNA,TTTGACGGTAGCTGCTGAGG,0.55,CGG,+,7,,GGAGGGTCTCTaCCGCCTCAGCAGCTACCGTC,G,14,0.64,42.67764108088977,18,0.67,PAM_intact,caccGTTTGACGGTAGCTGCTGAGGgtttt,ctctaaaacCCTCAGCAGCTACCGTCAAAC,gtgcGGAGGGTCTCTaCCGCCTCAGCAGCTACCGTC,aaaaGACGGTAGCTGCTGAGGCGGtAGAGACCCTCC,
60,8,pegRNA,TTTGACGGTAGCTGCTGAGG,0.55,CGG,+,7,,ACGGAGGGTCTCTaCCGCCTCAGCAGCTACCG,A,12,0.67,37.37583177823666,20,0.65,PAM_intact,caccGTTTGACGGTAGCTGCTGAGGgtttt,ctctaaaacCCTCAGCAGCTACCGTCAAAC,gtgcACGGAGGGTCTCTaCCGCCTCAGCAGCTACCG,aaaaCGGTAGCTGCTGAGGCGGtAGAGACCCTCCGT,
61,8,pegRNA,TTTGACGGTAGCTGCTGAGG,0.55,CGG,+,7,,ACGGAGGGTCTCTaCCGCCTCAGCAGCTACCGT,A,13,0.62,39.62369559410439,20,0.65,PAM_intact,caccGTTTGACGGTAGCTGCTGAGGgtttt,ctctaaaacCCTCAGCAGCTACCGTCAAAC,gtgcACGGAGGGTCTCTaCCGCCTCAGCAGCTACCGT,aaaaACGGTAGCTGCTGAGGCGGtAGAGACCCTCCGT,
62,8,pegRNA,TTTGACGGTAGCTGCTGAGG,0.55,CGG,+,7,,ACGGAGGGTCTCTaCCGCCTCAGCAGCTACCGTC,A,14,0.64,42.67764108088977,20,0.65,PAM_intact,caccGTTTGACGGTAGCTGCTGAGGgtttt,ctctaaaacCCTCAGCAGCTACCGTCAAAC,gtgcACGGAGGGTCTCTaCCGCCTCAGCAGCTACCGTC,aaaaGACGGTAGCTGCTGAGGCGGtAGAGACCCTCCGT,
63,8,ngRNA,GATAACAGAGCTGAATTTGA,0.35,CGG,-,,-75,,,,,,,,PE3,caccGATAACAGAGCTGAATTTGA,aaacTCAAATTCAGCTCTGTTATC,,,
64,8,ngRNA,CCATTTGACACATAACGCCC,0.50,GGG,-,,-53,,,,,,,,PE3,caccGCCATTTGACACATAACGCCC,aaacGGGCGTTATGTGTCAAATGGC,,,
65,8,ngRNA,GCCATTTGACACATAACGCC,0.50,CGG,-,,-52,,,,,,,,PE3,caccGCCATTTGACACATAACGCC,aaacGGCGTTATGTGTCAAATGGC,,,
66,8,ngRNA,TAGTGACATAGCCCGACGGA,0.55,GGG,-,,18,,,,,,,,PE3,caccGTAGTGACATAGCCCGACGGA,aaacTCCGTCGGGCTATGTCACTAC,,,
67,8,ngRNA,TTAGTGACATAGCCCGACGG,0.55,AGG,-,,19,,,,,,,,PE3,caccGTTAGTGACATAGCCCGACGG,aaacCCGTCGGGCTATGTCACTAAC,,,
68,8,ngRNA,GTATTAGTGACATAGCCCGA,0.45,CGG,-,,22,,,,,,,,PE3,caccGTATTAGTGACATAGCCCGA,aaacTCGGGCTATGTCACTAATAC,,,
69,8,ngRNA,CAGCATCGGTACGGGGCGTT,0.65,TGG,-,,48,,,,,,,,PE3,caccGCAGCATCGGTACGGGGCGTT,aaacAACGCCCCGTACCGATGCTGC,,,
70,8,ngRNA,ACTTGTTCAGCATCGGTACG,0.50,GGG,-,,55,,,,,,,,PE3,caccGACTTGTTCAGCATCGGTACG,aaacCGTACCGATGCTGAACAAGTC,,,
71,8,ngRNA,GACTTGTTCAGCATCGGTAC,0.50,GGG,-,,56,,,,,,,,PE3,caccGACTTGTTCAGCATCGGTAC,aaacGTACCGATGCTGAACAAGTC,,,
72,8,ngRNA,CGACTTGTTCAGCATCGGTA,0.50,CGG,-,,57,,,,,,,,PE3,caccGCGACTTGTTCAGCATCGGTA,aaacTACCGATGCTGAACAAGTCGC,,,
73,8,ngRNA,TGCATCGACTTGTTCAGCAT,0.45,CGG,-,,62,,,,,,,,PE3,caccGTGCATCGACTTGTTCAGCAT,aaacATGCTGAACAAGTCGATGCAC,,,
74,9,pegRNA,TTGACGGTAGCTGCTGAGGC,0.60,GGG,+,6,,TCTCTaCCGCCTCAGCAGCTACC,T,12,0.58,36.7300164793798,11,0.64,PAM_disrupted,caccGTTGACGGTAGCTGCTGAGGCgtttt,ctctaaaacGCCTCAGCAGCTACCGTCAAC,gtgcTCTCTaCCGCCTCAGCAGCTACC,aaaaGGTAGCTGCTGAGGCGGtAGAGA,
75,9,pegRNA,TTGACGGTAGCTGCTGAGGC,0.60,GGG,+,6,,TCTCTaCCGCCTCAGCAGCTACCG,T,13,0.62,40.79769942219133,11,0.64,PAM_disrupted,caccGTTGACGGTAGCTGCTGAGGCgtttt,ctctaaaacGCCTCAGCAGCTACCGTCAAC,gtgcTCTCTaCCGCCTCAGCAGCTACCG,aaaaCGGTAGCTGCTGAGGCGGtAGAGA,
76,9,pegRNA,TTGACGGTAGCTGCTGAGGC,0.60,GGG,+,6,,TCTCTaCCGCCTCAGCAGCTACCGT,T,14,0.57,42.67764108088977,11,0.64,PAM_disrupted,caccGTTGACGGTAGCTGCTGAGGCgtttt,ctctaaaacGCCTCAGCAGCTACCGTCAAC,gtgcTCTCTaCCGCCTCAGCAGCTACCGT,aaaaACGGTAGCTGCTGAGGCGGtAGAGA,
77,9,pegRNA,TTGACGGTAGCTGCTGAGGC,0.60,GGG,+,6,,GTCTCTaCCGCCTCAGCAGCTACC,G,12,0.58,36.7300164793798,12,0.67,PAM_disrupted,caccGTTGACGGTAGCTGCTGAGGCgtttt,ctctaaaacGCCTCAGCAGCTACCGTCAAC,gtgcGTCTCTaCCGCCTCAGCAGCTACC,aaaaGGTAGCTGCTGAGGCGGtAGAGAC,
78,9,pegRNA,TTGACGGTAGCTGCTGAGGC,0.60,GGG,+,6,,GTCTCTaCCGCCTCAGCAGCTACCG,G,13,0.62,40.79769942219133,12,0.67,PAM_disrupted,caccGTTGACGGTAGCTGCTGAGGCgtttt,ctctaaaacGCCTCAGCAGCTACCGTCAAC,gtgcGTCTCTaCCGCCTCAGCAGCTACCG,aaaaCGGTAGCTGCTGAGGCGGtAGAGAC,
79,9,pegRNA,TTGACGGTAGCTGCTGAGGC,0.60,GGG,+,6,,GTCTCTaCCGCCTCAGCAGCTACCGT,G,14,0.57,42.67764108088977,12,0.67,PAM_disrupted,caccGTTGACGGTAGCTGCTGAGGCgtttt,ctctaaaacGCCTCAGCAGCTACCGTCAAC,gtgcGTCTCTaCCGCCTCAGCAGCTACCGT,aaaaACGGTAGCTGCTGAGGCGGtAGAGAC,
80,9,pegRNA,TTGACGGTAGCTGCTGAGGC,0.60,GGG,+,6,,GGTCTCTaCCGCCTCAGCAGCTACC,G,12,0.58,36.7300164793798,13,0.69,PAM_disrupted,caccGTTGACGGTAGCTGCTGAGGCgtttt,ctctaaaacGCCTCAGCAGCTACCGTCAAC,gtgcGGTCTCTaCCGCCTCAGCAGCTACC,aaaaGGTAGCTGCTGAGGCGGtAGAGACC,
81,9,pegRNA,TTGACGGTAGCTGCTGAGGC,0.60,GGG,+,6,,GGTCTCTaCCGCCTCAGCAGCTACCG,G,13,0.62,40.79769942219133,13,0.69,PAM_disrupted,caccGTTGACGGTAGCTGCTGAGGCgtttt,ctctaaaacGCCTCAGCAGCTACCGTCAAC,gtgcGGTCTCTaCCGCCTCAGCAGCTACCG,aaaaCGGTAGCTGCTGAGGCGGtAGAGACC,
82,9,pegRNA,TTGACGGTAGCTGCTGAGGC,0.60,GGG,+,6,,GGTCTCTaCCGCCTCAGCAGCTACCGT,G,14,0.57,42.67764108088977,13,0.69,PAM_disrupted,caccGTTGACGGTAGCTGCTGAGGCgtttt,ctctaaaacGCCTCAGCAGCTACCGTCAAC,gtgcGGTCTCTaCCGCCTCAGCAGCTACCGT,aaaaACGGTAGCTGCTGAGGCGGtAGAGACC,
83,9,pegRNA,TTGACGGTAGCTGCTGAGGC,0.60,GGG,+,6,,GGGTCTCTaCCGCCTCAGCAGCTACC,G,12,0.58,36.7300164793798,14,0.71,PAM_disrupted,caccGTTGACGGTAGCTGCTGAGGCgtttt,ctctaaaacGCCTCAGCAGCTACCGTCAAC,gtgcGGGTCTCTaCCGCCTCAGCAGCTACC,aaaaGGTAGCTGCTGAGGCGGtAGAGACCC,
84,9,pegRNA,TTGACGGTAGCTGCTGAGGC,0.60,GGG,+,6,,GGGTCTCTaCCGCCTCAGCAGCTACCG,G,13,0.62,40.79769942219133,14,0.71,PAM_disrupted,caccGTTGACGGTAGCTGCTGAGGCgtttt,ctctaaaacGCCTCAGCAGCTACCGTCAAC,gtgcGGGTCTCTaCCGCCTCAGCAGCTACCG,aaaaCGGTAGCTGCTGAGGCGGtAGAGACCC,
85,9,pegRNA,TTGACGGTAGCTGCTGAGGC,0.60,GGG,+,6,,GGGTCTCTaCCGCCTCAGCAGCTACCGT,G,14,0.57,42.67764108088977,14,0.71,PAM_disrupted,caccGTTGACGGTAGCTGCTGAGGCgtttt,ctctaaaacGCCTCAGCAGCTACCGTCAAC,gtgcGGGTCTCTaCCGCCTCAGCAGCTACCGT,aaaaACGGTAGCTGCTGAGGCGGtAGAGACCC,
86,9,pegRNA,TTGACGGTAGCTGCTGAGGC,0.60,GGG,+,6,,AGGGTCTCTaCCGCCTCAGCAGCTACC,A,12,0.58,36.7300164793798,15,0.67,PAM_disrupted,caccGTTGACGGTAGCTGCTGAGGCgtttt,ctctaaaacGCCTCAGCAGCTACCGTCAAC,gtgcAGGGTCTCTaCCGCCTCAGCAGCTACC,aaaaGGTAGCTGCTGAGGCGGtAGAGACCCT,
87,9,pegRNA,TTGACGGTAGCTGCTGAGGC,0.60,GGG,+,6,,AGGGTCTCTaCCGCCTCAGCAGCTACCG,A,13,0.62,40.79769942219133,15,0.67,PAM_disrupted,caccGTTGACGGTAGCTGCTGAGGCgtttt,ctctaaaacGCCTCAGCAGCTACCGTCAAC,gtgcAGGGTCTCTaCCGCCTCAGCAGCTACCG,aaaaCGGTAGCTGCTGAGGCGGtAGAGACCCT,
88,9,pegRNA,TTGACGGTAGCTGCTGAGGC,0.60,GGG,+,6,,AGGGTCTCTaCCGCCTCAGCAGCTACCGT,A,14,0.57,42.67764108088977,15,0.67,PAM_disrupted,caccGTTGACGGTAGCTGCTGAGGCgtttt,ctctaaaacGCCTCAGCAGCTACCGTCAAC,gtgcAGGGTCTCTaCCGCCTCAGCAGCTACCGT,aaaaACGGTAGCTGCTGAGGCGGtAGAGACCCT,
89,9,pegRNA,TTGACGGTAGCTGCTGAGGC,0.60,GGG,+,6,,GAGGGTCTCTaCCGCCTCAGCAGCTACC,G,12,0.58,36.7300164793798,16,0.69,PAM_disrupted,caccGTTGACGGTAGCTGCTGAGGCgtttt,ctctaaaacGCCTCAGCAGCTACCGTCAAC,gtgcGAGGGTCTCTaCCGCCTCAGCAGCTACC,aaaaGGTAGCTGCTGAGGCGGtAGAGACCCTC,
90,9,pegRNA,TTGACGGTAGCTGCTGAGGC,0.60,GGG,+,6,,GAGGGTCTCTaCCGCCTCAGCAGCTACCG,G,13,0.62,40.79769942219133,16,0.69,PAM_disrupted,caccGTTGACGGTAGCTGCTGAGGCgtttt,ctctaaaacGCCTCAGCAGCTACCGTCAAC,gtgcGAGGGTCTCTaCCGCCTCAGCAGCTACCG,aaaaCGGTAGCTGCTGAGGCGGtAGAGACCCTC,
91,9,pegRNA,TTGACGGTAGCTGCTGAGGC,0.60,GGG,+,6,,GAGGGTCTCTaCCGCCTCAGCAGCTACCGT,G,14,0.57,42.67764108088977,16,0.69,PAM_disrupted,caccGTTGACGGTAGCTGCTGAGGCgtttt,ctctaaaacGCCTCAGCAGCTACCGTCAAC,gtgcGAGGGTCTCTaCCGCCTCAGCAGCTACCGT,aaaaACGGTAGCTGCTGAGGCGGtAGAGACCCTC,
92,9,pegRNA,TTGACGGTAGCTGCTGAGGC,0.60,GGG,+,6,,GGAGGGTCTCTaCCGCCTCAGCAGCTACC,G,12,0.58,36.7300164793798,17,0.71,PAM_disrupted,caccGTTGACGGTAGCTGCTGAGGCgtttt,ctctaaaacGCCTCAGCAGCTACCGTCAAC,gtgcGGAGGGTCTCTaCCGCCTCAGCAGCTACC,aaaaGGTAGCTGCTGAGGCGGtAGAGACCCTCC,
93,9,pegRNA,TTGACGGTAGCTGCTGAGGC,0.60,GGG,+,6,,GGAGGGTCTCTaCCGCCTCAGCAGCTACCG,G,13,0.62,40.79769942219133,17,0.71,PAM_disrupted,caccGTTGACGGTAGCTGCTGAGGCgtttt,ctctaaaacGCCTCAGCAGCTACCGTCAAC,gtgcGGAGGGTCTCTaCCGCCTCAGCAGCTACCG,aaaaCGGTAGCTGCTGAGGCGGtAGAGACCCTCC,
94,9,pegRNA,TTGACGGTAGCTGCTGAGGC,0.60,GGG,+,6,,GGAGGGTCTCTaCCGCCTCAGCAGCTACCGT,G,14,0.57,42.67764108088977,17,0.71,PAM_disrupted,caccGTTGACGGTAGCTGCTGAGGCgtttt,ctctaaaacGCCTCAGCAGCTACCGTCAAC,gtgcGGAGGGTCTCTaCCGCCTCAGCAGCTACCGT,aaaaACGGTAGCTGCTGAGGCGGtAGAGACCCTCC,
95,9,pegRNA,TTGACGGTAGCTGCTGAGGC,0.60,GGG,+,6,,ACGGAGGGTCTCTaCCGCCTCAGCAGCTACC,A,12,0.58,36.7300164793798,19,0.68,PAM_disrupted,caccGTTGACGGTAGCTGCTGAGGCgtttt,ctctaaaacGCCTCAGCAGCTACCGTCAAC,gtgcACGGAGGGTCTCTaCCGCCTCAGCAGCTACC,aaaaGGTAGCTGCTGAGGCGGtAGAGACCCTCCGT,
96,9,pegRNA,TTGACGGTAGCTGCTGAGGC,0.60,GGG,+,6,,ACGGAGGGTCTCTaCCGCCTCAGCAGCTACCG,A,13,0.62,40.79769942219133,19,0.68,PAM_disrupted,caccGTTGACGGTAGCTGCTGAGGCgtttt,ctctaaaacGCCTCAGCAGCTACCGTCAAC,gtgcACGGAGGGTCTCTaCCGCCTCAGCAGCTACCG,aaaaCGGTAGCTGCTGAGGCGGtAGAGACCCTCCGT,
97,9,pegRNA,TTGACGGTAGCTGCTGAGGC,0.60,GGG,+,6,,ACGGAGGGTCTCTaCCGCCTCAGCAGCTACCGT,A,14,0.57,42.67764108088977,19,0.68,PAM_disrupted,caccGTTGACGGTAGCTGCTGAGGCgtttt,ctctaaaacGCCTCAGCAGCTACCGTCAAC,gtgcACGGAGGGTCTCTaCCGCCTCAGCAGCTACCGT,aaaaACGGTAGCTGCTGAGGCGGtAGAGACCCTCCGT,
98,9,pegRNA,TTGACGGTAGCTGCTGAGGC,0.60,GGG,+,6,,GACGGAGGGTCTCTaCCGCCTCAGCAGCTACC,G,12,0.58,36.7300164793798,20,0.70,PAM_disrupted,caccGTTGACGGTAGCTGCTGAGGCgtttt,ctctaaaacGCCTCAGCAGCTACCGTCAAC,gtgcGACGGAGGGTCTCTaCCGCCTCAGCAGCTACC,aaaaGGTAGCTGCTGAGGCGGtAGAGACCCTCCGTC,
99,9,pegRNA,TTGACGGTAGCTGCTGAGGC,0.60,GGG,+,6,,GACGGAGGGTCTCTaCCGCCTCAGCAGCTACCG,G,13,0.62,40.79769942219133,20,0.70,PAM_disrupted,caccGTTGACGGTAGCTGCTGAGGCgtttt,ctctaaaacGCCTCAGCAGCTACCGTCAAC,gtgcGACGGAGGGTCTCTaCCGCCTCAGCAGCTACCG,aaaaCGGTAGCTGCTGAGGCGGtAGAGACCCTCCGTC,
100,9,pegRNA,TTGACGGTAGCTGCTGAGGC,0.60,GGG,+,6,,GACGGAGGGTCTCTaCCGCCTCAGCAGCTACCGT,G,14,0.57,42.67764108088977,20,0.70,PAM_disrupted,caccGTTGACGGTAGCTGCTGAGGCgtttt,ctctaaaacGCCTCAGCAGCTACCGTCAAC,gtgcGACGGAGGGTCTCTaCCGCCTCAGCAGCTACCGT,aaaaACGGTAGCTGCTGAGGCGGtAGAGACCCTCCGTC,
101,9,ngRNA,GATAACAGAGCTGAATTTGA,0.35,CGG,-,,-76,,,,,,,,PE3,caccGATAACAGAGCTGAATTTGA,aaacTCAAATTCAGCTCTGTTATC,,,
102,9,ngRNA,CCATTTGACACATAACGCCC,0.50,GGG,-,,-54,,,,,,,,PE3,caccGCCATTTGACACATAACGCCC,aaacGGGCGTTATGTGTCAAATGGC,,,
103,9,ngRNA,GCCATTTGACACATAACGCC,0.50,CGG,-,,-53,,,,,,,,PE3,caccGCCATTTGACACATAACGCC,aaacGGCGTTATGTGTCAAATGGC,,,
104,9,ngRNA,TAGTGACATAGCCCGACGGA,0.55,GGG,-,,17,,,,,,,,PE3,caccGTAGTGACATAGCCCGACGGA,aaacTCCGTCGGGCTATGTCACTAC,,,
105,9,ngRNA,TTAGTGACATAGCCCGACGG,0.55,AGG,-,,18,,,,,,,,PE3,caccGTTAGTGACATAGCCCGACGG,aaacCCGTCGGGCTATGTCACTAAC,,,
106,9,ngRNA,GTATTAGTGACATAGCCCGA,0.45,CGG,-,,21,,,,,,,,PE3,caccGTATTAGTGACATAGCCCGA,aaacTCGGGCTATGTCACTAATAC,,,
107,9,ngRNA,CAGCATCGGTACGGGGCGTT,0.65,TGG,-,,47,,,,,,,,PE3,caccGCAGCATCGGTACGGGGCGTT,aaacAACGCCCCGTACCGATGCTGC,,,
108,9,ngRNA,ACTTGTTCAGCATCGGTACG,0.50,GGG,-,,54,,,,,,,,PE3,caccGACTTGTTCAGCATCGGTACG,aaacCGTACCGATGCTGAACAAGTC,,,
109,9,ngRNA,GACTTGTTCAGCATCGGTAC,0.50,GGG,-,,55,,,,,,,,PE3,caccGACTTGTTCAGCATCGGTAC,aaacGTACCGATGCTGAACAAGTC,,,
110,9,ngRNA,CGACTTGTTCAGCATCGGTA,0.50,CGG,-,,56,,,,,,,,PE3,caccGCGACTTGTTCAGCATCGGTA,aaacTACCGATGCTGAACAAGTCGC,,,
111,9,ngRNA,TGCATCGACTTGTTCAGCAT,0.45,CGG,-,,61,,,,,,,,PE3,caccGTGCATCGACTTGTTCAGCAT,aaacATGCTGAACAAGTCGATGCAC,,,
112,10,pegRNA,TAGTGACATAGCCCGACGGA,0.55,GGG,-,12,,GtAGAGACCCTCCGTCGGGCTATGT,G,12,0.58,36.380224192467495,13,0.62,PAM_intact,caccGTAGTGACATAGCCCGACGGAgtttt,ctctaaaacTCCGTCGGGCTATGTCACTAC,gtgcGtAGAGACCCTCCGTCGGGCTATGT,aaaaACATAGCCCGACGGAGGGTCTCTaC,
113,10,pegRNA,TAGTGACATAGCCCGACGGA,0.55,GGG,-,12,,GtAGAGACCCTCCGTCGGGCTATGTC,G,13,0.62,39.58285659470255,13,0.62,PAM_intact,caccGTAGTGACATAGCCCGACGGAgtttt,ctctaaaacTCCGTCGGGCTATGTCACTAC,gtgcGtAGAGACCCTCCGTCGGGCTATGTC,aaaaGACATAGCCCGACGGAGGGTCTCTaC,
114,10,pegRNA,TAGTGACATAGCCCGACGGA,0.55,GGG,-,12,,GtAGAGACCCTCCGTCGGGCTATGTCA,G,14,0.57,40.838061491647466,13,0.62,PAM_intact,caccGTAGTGACATAGCCCGACGGAgtttt,ctctaaaacTCCGTCGGGCTATGTCACTAC,gtgcGtAGAGACCCTCCGTCGGGCTATGTCA,aaaaTGACATAGCCCGACGGAGGGTCTCTaC,
115,10,pegRNA,TAGTGACATAGCCCGACGGA,0.55,GGG,-,12,,GGtAGAGACCCTCCGTCGGGCTATGT,G,12,0.58,36.380224192467495,14,0.64,PAM_intact,caccGTAGTGACATAGCCCGACGGAgtttt,ctctaaaacTCCGTCGGGCTATGTCACTAC,gtgcGGtAGAGACCCTCCGTCGGGCTATGT,aaaaACATAGCCCGACGGAGGGTCTCTaCC,
116,10,pegRNA,TAGTGACATAGCCCGACGGA,0.55,GGG,-,12,,GGtAGAGACCCTCCGTCGGGCTATGTC,G,13,0.62,39.58285659470255,14,0.64,PAM_intact,caccGTAGTGACATAGCCCGACGGAgtttt,ctctaaaacTCCGTCGGGCTATGTCACTAC,gtgcGGtAGAGACCCTCCGTCGGGCTATGTC,aaaaGACATAGCCCGACGGAGGGTCTCTaCC,
117,10,pegRNA,TAGTGACATAGCCCGACGGA,0.55,GGG,-,12,,GGtAGAGACCCTCCGTCGGGCTATGTCA,G,14,0.57,40.838061491647466,14,0.64,PAM_intact,caccGTAGTGACATAGCCCGACGGAgtttt,ctctaaaacTCCGTCGGGCTATGTCACTAC,gtgcGGtAGAGACCCTCCGTCGGGCTATGTCA,aaaaTGACATAGCCCGACGGAGGGTCTCTaCC,
118,10,pegRNA,TAGTGACATAGCCCGACGGA,0.55,GGG,-,12,,GCGGtAGAGACCCTCCGTCGGGCTATGT,G,12,0.58,36.380224192467495,16,0.69,PAM_intact,caccGTAGTGACATAGCCCGACGGAgtttt,ctctaaaacTCCGTCGGGCTATGTCACTAC,gtgcGCGGtAGAGACCCTCCGTCGGGCTATGT,aaaaACATAGCCCGACGGAGGGTCTCTaCCGC,
119,10,pegRNA,TAGTGACATAGCCCGACGGA,0.55,GGG,-,12,,GCGGtAGAGACCCTCCGTCGGGCTATGTC,G,13,0.62,39.58285659470255,16,0.69,PAM_intact,caccGTAGTGACATAGCCCGACGGAgtttt,ctctaaaacTCCGTCGGGCTATGTCACTAC,gtgcGCGGtAGAGACCCTCCGTCGGGCTATGTC,aaaaGACATAGCCCGACGGAGGGTCTCTaCCGC,
120,10,pegRNA,TAGTGACATAGCCCGACGGA,0.55,GGG,-,12,,GCGGtAGAGACCCTCCGTCGGGCTATGTCA,G,14,0.57,40.838061491647466,16,0.69,PAM_intact,caccGTAGTGACATAGCCCGACGGAgtttt,ctctaaaacTCCGTCGGGCTATGTCACTAC,gtgcGCGGtAGAGACCCTCCGTCGGGCTATGTCA,aaaaTGACATAGCCCGACGGAGGGTCTCTaCCGC,
121,10,pegRNA,TAGTGACATAGCCCGACGGA,0.55,GGG,-,12,,GGCGGtAGAGACCCTCCGTCGGGCTATGT,G,12,0.58,36.380224192467495,17,0.71,PAM_intact,caccGTAGTGACATAGCCCGACGGAgtttt,ctctaaaacTCCGTCGGGCTATGTCACTAC,gtgcGGCGGtAGAGACCCTCCGTCGGGCTATGT,aaaaACATAGCCCGACGGAGGGTCTCTaCCGCC,
122,10,pegRNA,TAGTGACATAGCCCGACGGA,0.55,GGG,-,12,,GGCGGtAGAGACCCTCCGTCGGGCTATGTC,G,13,0.62,39.58285659470255,17,0.71,PAM_intact,caccGTAGTGACATAGCCCGACGGAgtttt,ctctaaaacTCCGTCGGGCTATGTCACTAC,gtgcGGCGGtAGAGACCCTCCGTCGGGCTATGTC,aaaaGACATAGCCCGACGGAGGGTCTCTaCCGCC,
123,10,pegRNA,TAGTGACATAGCCCGACGGA,0.55,GGG,-,12,,GGCGGtAGAGACCCTCCGTCGGGCTATGTCA,G,14,0.57,40.838061491647466,17,0.71,PAM_intact,caccGTAGTGACATAGCCCGACGGAgtttt,ctctaaaacTCCGTCGGGCTATGTCACTAC,gtgcGGCGGtAGAGACCCTCCGTCGGGCTATGTCA,aaaaTGACATAGCCCGACGGAGGGTCTCTaCCGCC,
124,10,pegRNA,TAGTGACATAGCCCGACGGA,0.55,GGG,-,12,,AGGCGGtAGAGACCCTCCGTCGGGCTATGT,A,12,0.58,36.380224192467495,18,0.67,PAM_intact,caccGTAGTGACATAGCCCGACGGAgtttt,ctctaaaacTCCGTCGGGCTATGTCACTAC,gtgcAGGCGGtAGAGACCCTCCGTCGGGCTATGT,aaaaACATAGCCCGACGGAGGGTCTCTaCCGCCT,
125,10,pegRNA,TAGTGACATAGCCCGACGGA,0.55,GGG,-,12,,AGGCGGtAGAGACCCTCCGTCGGGCTATGTC,A,13,0.62,39.58285659470255,18,0.67,PAM_intact,caccGTAGTGACATAGCCCGACGGAgtttt,ctctaaaacTCCGTCGGGCTATGTCACTAC,gtgcAGGCGGtAGAGACCCTCCGTCGGGCTATGTC,aaaaGACATAGCCCGACGGAGGGTCTCTaCCGCCT,
126,10,pegRNA,TAGTGACATAGCCCGACGGA,0.55,GGG,-,12,,AGGCGGtAGAGACCCTCCGTCGGGCTATGTCA,A,14,0.57,40.838061491647466,18,0.67,PAM_intact,caccGTAGTGACATAGCCCGACGGAgtttt,ctctaaaacTCCGTCGGGCTATGTCACTAC,gtgcAGGCGGtAGAGACCCTCCGTCGGGCTATGTCA,aaaaTGACATAGCCCGACGGAGGGTCTCTaCCGCCT,
127,10,pegRNA,TAGTGACATAGCCCGACGGA,0.55,GGG,-,12,,GAGGCGGtAGAGACCCTCCGTCGGGCTATGT,G,12,0.58,36.380224192467495,19,0.68,PAM_intact,caccGTAGTGACATAGCCCGACGGAgtttt,ctctaaaacTCCGTCGGGCTATGTCACTAC,gtgcGAGGCGGtAGAGACCCTCCGTCGGGCTATGT,aaaaACATAGCCCGACGGAGGGTCTCTaCCGCCTC,
128,10,pegRNA,TAGTGACATAGCCCGACGGA,0.55,GGG,-,12,,GAGGCGGtAGAGACCCTCCGTCGGGCTATGTC,G,13,0.62,39.58285659470255,19,0.68,PAM_intact,caccGTAGTGACATAGCCCGACGGAgtttt,ctctaaaacTCCGTCGGGCTATGTCACTAC,gtgcGAGGCGGtAGAGACCCTCCGTCGGGCTATGTC,aaaaGACATAGCCCGACGGAGGGTCTCTaCCGCCTC,
129,10,pegRNA,TAGTGACATAGCCCGACGGA,0.55,GGG,-,12,,GAGGCGGtAGAGACCCTCCGTCGGGCTATGTCA,G,14,0.57,40.838061491647466,19,0.68,PAM_intact,caccGTAGTGACATAGCCCGACGGAgtttt,ctctaaaacTCCGTCGGGCTATGTCACTAC,gtgcGAGGCGGtAGAGACCCTCCGTCGGGCTATGTCA,aaaaTGACATAGCCCGACGGAGGGTCTCTaCCGCCTC,
130,10,pegRNA,TAGTGACATAGCCCGACGGA,0.55,GGG,-,12,,TGAGGCGGtAGAGACCCTCCGTCGGGCTATGT,T,12,0.58,36.380224192467495,20,0.65,PAM_intact,caccGTAGTGACATAGCCCGACGGAgtttt,ctctaaaacTCCGTCGGGCTATGTCACTAC,gtgcTGAGGCGGtAGAGACCCTCCGTCGGGCTATGT,aaaaACATAGCCCGACGGAGGGTCTCTaCCGCCTCA,
131,10,pegRNA,TAGTGACATAGCCCGACGGA,0.55,GGG,-,12,,TGAGGCGGtAGAGACCCTCCGTCGGGCTATGTC,T,13,0.62,39.58285659470255,20,0.65,PAM_intact,caccGTAGTGACATAGCCCGACGGAgtttt,ctctaaaacTCCGTCGGGCTATGTCACTAC,gtgcTGAGGCGGtAGAGACCCTCCGTCGGGCTATGTC,aaaaGACATAGCCCGACGGAGGGTCTCTaCCGCCTCA,
132,10,pegRNA,TAGTGACATAGCCCGACGGA,0.55,GGG,-,12,,TGAGGCGGtAGAGACCCTCCGTCGGGCTATGTCA,T,14,0.57,40.838061491647466,20,0.65,PAM_intact,caccGTAGTGACATAGCCCGACGGAgtttt,ctctaaaacTCCGTCGGGCTATGTCACTAC,gtgcTGAGGCGGtAGAGACCCTCCGTCGGGCTATGTCA,aaaaTGACATAGCCCGACGGAGGGTCTCTaCCGCCTCA,
133,10,ngRNA,CAAATTCAGCTCTGTTATCC,0.40,CGG,+,,-78,,,,,,,,PE3,caccGCAAATTCAGCTCTGTTATCC,aaacGGATAACAGAGCTGAATTTGC,,,
134,10,ngRNA,AAATTCAGCTCTGTTATCCC,0.40,GGG,+,,-77,,,,,,,,PE3,caccGAAATTCAGCTCTGTTATCCC,aaacGGGATAACAGAGCTGAATTTC,,,
135,10,ngRNA,CCCGGGCGTTATGTGTCAAA,0.55,TGG,+,,-60,,,,,,,,PE3,caccGCCCGGGCGTTATGTGTCAAA,aaacTTTGACACATAACGCCCGGGC,,,
136,10,ngRNA,ATGTGTCAAATGGCGTAGAA,0.40,CGG,+,,-50,,,,,,,,PE3,caccGATGTGTCAAATGGCGTAGAA,aaacTTCTACGCCATTTGACACATC,,,
137,10,ngRNA,TGTGTCAAATGGCGTAGAAC,0.45,GGG,+,,-49,,,,,,,,PE3,caccGTGTGTCAAATGGCGTAGAAC,aaacGTTCTACGCCATTTGACACAC,,,
138,10,ngRNA,GAACGGGATTGACTGTTTGA,0.45,CGG,+,,-33,,,,,,,,PE3,caccGAACGGGATTGACTGTTTGA,aaacTCAAACAGTCAATCCCGTTC,,,
139,10,ngRNA,CTGTTTGACGGTAGCTGCTG,0.55,AGG,+,,-21,,,,,,,,PE3,caccGCTGTTTGACGGTAGCTGCTG,aaacCAGCAGCTACCGTCAAACAGC,,,
140,10,ngRNA,TTTGACGGTAGCTGCTGAGG,0.55,CGG,+,,-18,,,,,,,,PE3,caccGTTTGACGGTAGCTGCTGAGG,aaacCCTCAGCAGCTACCGTCAAAC,,,
141,10,ngRNA,AGGCGGtAGAGACCCTCCGT,0.65,CGG,+,,-1,,,,,,,,PE3b-nonseed,caccGAGGCGGtAGAGACCCTCCGT,aaacACGGAGGGTCTCTaCCGCCTC,,,
142,10,ngRNA,GGCGGtAGAGACCCTCCGTC,0.70,GGG,+,,0,,,,,,,,PE3b-nonseed,caccGGCGGtAGAGACCCTCCGTC,aaacGACGGAGGGTCTCTaCCGCC,,,
143,10,ngRNA,GATGCTGAACAAGTCGATGC,0.50,AGG,+,,57,,,,,,,,PE3,caccGATGCTGAACAAGTCGATGC,aaacGCATCGACTTGTTCAGCATC,,,
144,10,ngRNA,GCAGGCTCCCGTCTTTGAAA,0.55,AGG,+,,75,,,,,,,,PE3,caccGCAGGCTCCCGTCTTTGAAA,aaacTTTCAAAGACGGGAGCCTGC,,,
145,10,ngRNA,CAGGCTCCCGTCTTTGAAAA,0.50,GGG,+,,76,,,,,,,,PE3,caccGCAGGCTCCCGTCTTTGAAAA,aaacTTTTCAAAGACGGGAGCCTGC,,,
146,10,ngRNA,AGGCTCCCGTCTTTGAAAAG,0.50,GGG,+,,77,,,,,,,,PE3,caccGAGGCTCCCGTCTTTGAAAAG,aaacCTTTTCAAAGACGGGAGCCTC,,,
147,10,ngRNA,AAAAGGGGTAAACATACAAG,0.35,TGG,+,,92,,,,,,,,PE3,caccGAAAAGGGGTAAACATACAAG,aaacCTTGTATGTTTACCCCTTTTC,,,
148,10,ngRNA,ACATACAAGTGGATAGATGA,0.35,TGG,+,,103,,,,,,,,PE3,caccGACATACAAGTGGATAGATGA,aaacTCATCTATCCACTTGTATGTC,,,
149,10,ngRNA,CATACAAGTGGATAGATGAT,0.35,GGG,+,,104,,,,,,,,PE3,caccGCATACAAGTGGATAGATGAT,aaacATCATCTATCCACTTGTATGC,,,
150,10,ngRNA,CAAGTGGATAGATGATGGGT,0.45,AGG,+,,108,,,,,,,,PE3,caccGCAAGTGGATAGATGATGGGT,aaacACCCATCATCTATCCACTTGC,,,
151,10,ngRNA,AAGTGGATAGATGATGGGTA,0.40,GGG,+,,109,,,,,,,,PE3,caccGAAGTGGATAGATGATGGGTA,aaacTACCCATCATCTATCCACTTC,,,
152,10,ngRNA,AGTGGATAGATGATGGGTAG,0.45,GGG,+,,110,,,,,,,,PE3,caccGAGTGGATAGATGATGGGTAG,aaacCTACCCATCATCTATCCACTC,,,
153,11,pegRNA,TTAGTGACATAGCCCGACGG,0.55,AGG,-,13,,GtAGAGACCCTCCGTCGGGCTATGTC,G,12,0.58,37.54016538305342,14,0.64,PAM_intact,caccGTTAGTGACATAGCCCGACGGgtttt,ctctaaaacCCGTCGGGCTATGTCACTAAC,gtgcGtAGAGACCCTCCGTCGGGCTATGTC,aaaaGACATAGCCCGACGGAGGGTCTCTaC,
154,11,pegRNA,TTAGTGACATAGCCCGACGG,0.55,AGG,-,13,,GtAGAGACCCTCCGTCGGGCTATGTCA,G,13,0.54,39.02257343658869,14,0.64,PAM_intact,caccGTTAGTGACATAGCCCGACGGgtttt,ctctaaaacCCGTCGGGCTATGTCACTAAC,gtgcGtAGAGACCCTCCGTCGGGCTATGTCA,aaaaTGACATAGCCCGACGGAGGGTCTCTaC,
155,11,pegRNA,TTAGTGACATAGCCCGACGG,0.55,AGG,-,13,,GtAGAGACCCTCCGTCGGGCTATGTCAC,G,14,0.57,43.498769213489425,14,0.64,PAM_intact,caccGTTAGTGACATAGCCCGACGGgtttt,ctctaaaacCCGTCGGGCTATGTCACTAAC,gtgcGtAGAGACCCTCCGTCGGGCTATGTCAC,aaaaGTGACATAGCCCGACGGAGGGTCTCTaC,
156,11,pegRNA,TTAGTGACATAGCCCGACGG,0.55,AGG,-,13,,GGtAGAGACCCTCCGTCGGGCTATGTC,G,12,0.58,37.54016538305342,15,0.67,PAM_intact,caccGTTAGTGACATAGCCCGACGGgtttt,ctctaaaacCCGTCGGGCTATGTCACTAAC,gtgcGGtAGAGACCCTCCGTCGGGCTATGTC,aaaaGACATAGCCCGACGGAGGGTCTCTaCC,
157,11,pegRNA,TTAGTGACATAGCCCGACGG,0.55,AGG,-,13,,GGtAGAGACCCTCCGTCGGGCTATGTCA,G,13,0.54,39.02257343658869,15,0.67,PAM_intact,caccGTTAGTGACATAGCCCGACGGgtttt,ctctaaaacCCGTCGGGCTATGTCACTAAC,gtgcGGtAGAGACCCTCCGTCGGGCTATGTCA,aaaaTGACATAGCCCGACGGAGGGTCTCTaCC,
158,11,pegRNA,TTAGTGACATAGCCCGACGG,0.55,AGG,-,13,,GGtAGAGACCCTCCGTCGGGCTATGTCAC,G,14,0.57,43.498769213489425,15,0.67,PAM_intact,caccGTTAGTGACATAGCCCGACGGgtttt,ctctaaaacCCGTCGGGCTATGTCACTAAC,gtgcGGtAGAGACCCTCCGTCGGGCTATGTCAC,aaaaGTGACATAGCCCGACGGAGGGTCTCTaCC,
159,11,pegRNA,TTAGTGACATAGCCCGACGG,0.55,AGG,-,13,,GCGGtAGAGACCCTCCGTCGGGCTATGTC,G,12,0.58,37.54016538305342,17,0.71,PAM_intact,caccGTTAGTGACATAGCCCGACGGgtttt,ctctaaaacCCGTCGGGCTATGTCACTAAC,gtgcGCGGtAGAGACCCTCCGTCGGGCTATGTC,aaaaGACATAGCCCGACGGAGGGTCTCTaCCGC,
160,11,pegRNA,TTAGTGACATAGCCCGACGG,0.55,AGG,-,13,,GCGGtAGAGACCCTCCGTCGGGCTATGTCA,G,13,0.54,39.02257343658869,17,0.71,PAM_intact,caccGTTAGTGACATAGCCCGACGGgtttt,ctctaaaacCCGTCGGGCTATGTCACTAAC,gtgcGCGGtAGAGACCCTCCGTCGGGCTATGTCA,aaaaTGACATAGCCCGACGGAGGGTCTCTaCCGC,
161,11,pegRNA,TTAGTGACATAGCCCGACGG,0.55,AGG,-,13,,GCGGtAGAGACCCTCCGTCGGGCTATGTCAC,G,14,0.57,43.498769213489425,17,0.71,PAM_intact,caccGTTAGTGACATAGCCCGACGGgtttt,ctctaaaacCCGTCGGGCTATGTCACTAAC,gtgcGCGGtAGAGACCCTCCGTCGGGCTATGTCAC,aaaaGTGACATAGCCCGACGGAGGGTCTCTaCCGC,
162,11,pegRNA,TTAGTGACATAGCCCGACGG,0.55,AGG,-,13,,GGCGGtAGAGACCCTCCGTCGGGCTATGTC,G,12,0.58,37.54016538305342,18,0.72,PAM_intact,caccGTTAGTGACATAGCCCGACGGgtttt,ctctaaaacCCGTCGGGCTATGTCACTAAC,gtgcGGCGGtAGAGACCCTCCGTCGGGCTATGTC,aaaaGACATAGCCCGACGGAGGGTCTCTaCCGCC,
163,11,pegRNA,TTAGTGACATAGCCCGACGG,0.55,AGG,-,13,,GGCGGtAGAGACCCTCCGTCGGGCTATGTCA,G,13,0.54,39.02257343658869,18,0.72,PAM_intact,caccGTTAGTGACATAGCCCGACGGgtttt,ctctaaaacCCGTCGGGCTATGTCACTAAC,gtgcGGCGGtAGAGACCCTCCGTCGGGCTATGTCA,aaaaTGACATAGCCCGACGGAGGGTCTCTaCCGCC,
164,11,pegRNA,TTAGTGACATAGCCCGACGG,0.55,AGG,-,13,,GGCGGtAGAGACCCTCCGTCGGGCTATGTCAC,G,14,0.57,43.498769213489425,18,0.72,PAM_intact,caccGTTAGTGACATAGCCCGACGGgtttt,ctctaaaacCCGTCGGGCTATGTCACTAAC,gtgcGGCGGtAGAGACCCTCCGTCGGGCTATGTCAC,aaaaGTGACATAGCCCGACGGAGGGTCTCTaCCGCC,
165,11,pegRNA,TTAGTGACATAGCCCGACGG,0.55,AGG,-,13,,AGGCGGtAGAGACCCTCCGTCGGGCTATGTC,A,12,0.58,37.54016538305342,19,0.68,PAM_intact,caccGTTAGTGACATAGCCCGACGGgtttt,ctctaaaacCCGTCGGGCTATGTCACTAAC,gtgcAGGCGGtAGAGACCCTCCGTCGGGCTATGTC,aaaaGACATAGCCCGACGGAGGGTCTCTaCCGCCT,
166,11,pegRNA,TTAGTGACATAGCCCGACGG,0.55,AGG,-,13,,AGGCGGtAGAGACCCTCCGTCGGGCTATGTCA,A,13,0.54,39.02257343658869,19,0.68,PAM_intact,caccGTTAGTGACATAGCCCGACGGgtttt,ctctaaaacCCGTCGGGCTATGTCACTAAC,gtgcAGGCGGtAGAGACCCTCCGTCGGGCTATGTCA,aaaaTGACATAGCCCGACGGAGGGTCTCTaCCGCCT,
167,11,pegRNA,TTAGTGACATAGCCCGACGG,0.55,AGG,-,13,,AGGCGGtAGAGACCCTCCGTCGGGCTATGTCAC,A,14,0.57,43.498769213489425,19,0.68,PAM_intact,caccGTTAGTGACATAGCCCGACGGgtttt,ctctaaaacCCGTCGGGCTATGTCACTAAC,gtgcAGGCGGtAGAGACCCTCCGTCGGGCTATGTCAC,aaaaGTGACATAGCCCGACGGAGGGTCTCTaCCGCCT,
168,11,pegRNA,TTAGTGACATAGCCCGACGG,0.55,AGG,-,13,,GAGGCGGtAGAGACCCTCCGTCGGGCTATGTC,G,12,0.58,37.54016538305342,20,0.70,PAM_intact,caccGTTAGTGACATAGCCCGACGGgtttt,ctctaaaacCCGTCGGGCTATGTCACTAAC,gtgcGAGGCGGtAGAGACCCTCCGTCGGGCTATGTC,aaaaGACATAGCCCGACGGAGGGTCTCTaCCGCCTC,
169,11,pegRNA,TTAGTGACATAGCCCGACGG,0.55,AGG,-,13,,GAGGCGGtAGAGACCCTCCGTCGGGCTATGTCA,G,13,0.54,39.02257343658869,20,0.70,PAM_intact,caccGTTAGTGACATAGCCCGACGGgtttt,ctctaaaacCCGTCGGGCTATGTCACTAAC,gtgcGAGGCGGtAGAGACCCTCCGTCGGGCTATGTCA,aaaaTGACATAGCCCGACGGAGGGTCTCTaCCGCCTC,
170,11,pegRNA,TTAGTGACATAGCCCGACGG,0.55,AGG,-,13,,GAGGCGGtAGAGACCCTCCGTCGGGCTATGTCAC,G,14,0.57,43.498769213489425,20,0.70,PAM_intact,caccGTTAGTGACATAGCCCGACGGgtttt,ctctaaaacCCGTCGGGCTATGTCACTAAC,gtgcGAGGCGGtAGAGACCCTCCGTCGGGCTATGTCAC,aaaaGTGACATAGCCCGACGGAGGGTCTCTaCCGCCTC,
171,11,ngRNA,CAAATTCAGCTCTGTTATCC,0.40,CGG,+,,-79,,,,,,,,PE3,caccGCAAATTCAGCTCTGTTATCC,aaacGGATAACAGAGCTGAATTTGC,,,
172,11,ngRNA,AAATTCAGCTCTGTTATCCC,0.40,GGG,+,,-78,,,,,,,,PE3,caccGAAATTCAGCTCTGTTATCCC,aaacGGGATAACAGAGCTGAATTTC,,,
173,11,ngRNA,CCCGGGCGTTATGTGTCAAA,0.55,TGG,+,,-61,,,,,,,,PE3,caccGCCCGGGCGTTATGTGTCAAA,aaacTTTGACACATAACGCCCGGGC,,,
174,11,ngRNA,ATGTGTCAAATGGCGTAGAA,0.40,CGG,+,,-51,,,,,,,,PE3,caccGATGTGTCAAATGGCGTAGAA,aaacTTCTACGCCATTTGACACATC,,,
175,11,ngRNA,TGTGTCAAATGGCGTAGAAC,0.45,GGG,+,,-50,,,,,,,,PE3,caccGTGTGTCAAATGGCGTAGAAC,aaacGTTCTACGCCATTTGACACAC,,,
176,11,ngRNA,GAACGGGATTGACTGTTTGA,0.45,CGG,+,,-34,,,,,,,,PE3,caccGAACGGGATTGACTGTTTGA,aaacTCAAACAGTCAATCCCGTTC,,,
177,11,ngRNA,CTGTTTGACGGTAGCTGCTG,0.55,AGG,+,,-22,,,,,,,,PE3,caccGCTGTTTGACGGTAGCTGCTG,aaacCAGCAGCTACCGTCAAACAGC,,,
178,11,ngRNA,TTTGACGGTAGCTGCTGAGG,0.55,CGG,+,,-19,,,,,,,,PE3,caccGTTTGACGGTAGCTGCTGAGG,aaacCCTCAGCAGCTACCGTCAAAC,,,
179,11,ngRNA,AGGCGGtAGAGACCCTCCGT,0.65,CGG,+,,-2,,,,,,,,PE3b-nonseed,caccGAGGCGGtAGAGACCCTCCGT,aaacACGGAGGGTCTCTaCCGCCTC,,,
180,11,ngRNA,GGCGGtAGAGACCCTCCGTC,0.70,GGG,+,,-1,,,,,,,,PE3b-nonseed,caccGGCGGtAGAGACCCTCCGTC,aaacGACGGAGGGTCTCTaCCGCC,,,
181,11,ngRNA,GATGCTGAACAAGTCGATGC,0.50,AGG,+,,56,,,,,,,,PE3,caccGATGCTGAACAAGTCGATGC,aaacGCATCGACTTGTTCAGCATC,,,
182,11,ngRNA,GCAGGCTCCCGTCTTTGAAA,0.55,AGG,+,,74,,,,,,,,PE3,caccGCAGGCTCCCGTCTTTGAAA,aaacTTTCAAAGACGGGAGCCTGC,,,
183,11,ngRNA,CAGGCTCCCGTCTTTGAAAA,0.50,GGG,+,,75,,,,,,,,PE3,caccGCAGGCTCCCGTCTTTGAAAA,aaacTTTTCAAAGACGGGAGCCTGC,,,
184,11,ngRNA,AGGCTCCCGTCTTTGAAAAG,0.50,GGG,+,,76,,,,,,,,PE3,caccGAGGCTCCCGTCTTTGAAAAG,aaacCTTTTCAAAGACGGGAGCCTC,,,
185,11,ngRNA,AAAAGGGGTAAACATACAAG,0.35,TGG,+,,91,,,,,,,,PE3,caccGAAAAGGGGTAAACATACAAG,aaacCTTGTATGTTTACCCCTTTTC,,,
186,11,ngRNA,ACATACAAGTGGATAGATGA,0.35,TGG,+,,102,,,,,,,,PE3,caccGACATACAAGTGGATAGATGA,aaacTCATCTATCCACTTGTATGTC,,,
187,11,ngRNA,CATACAAGTGGATAGATGAT,0.35,GGG,+,,103,,,,,,,,PE3,caccGCATACAAGTGGATAGATGAT,aaacATCATCTATCCACTTGTATGC,,,
188,11,ngRNA,CAAGTGGATAGATGATGGGT,0.45,AGG,+,,107,,,,,,,,PE3,caccGCAAGTGGATAGATGATGGGT,aaacACCCATCATCTATCCACTTGC,,,
189,11,ngRNA,AAGTGGATAGATGATGGGTA,0.40,GGG,+,,108,,,,,,,,PE3,caccGAAGTGGATAGATGATGGGTA,aaacTACCCATCATCTATCCACTTC,,,
190,11,ngRNA,AGTGGATAGATGATGGGTAG,0.45,GGG,+,,109,,,,,,,,PE3,caccGAGTGGATAGATGATGGGTAG,aaacCTACCCATCATCTATCCACTC,,,
191,12,pegRNA,GTATTAGTGACATAGCCCGA,0.45,CGG,-,16,,GtAGAGACCCTCCGTCGGGCTATGTCACT,G,12,0.50,30.20946629971388,17,0.65,PAM_intact,caccGTATTAGTGACATAGCCCGAgtttt,ctctaaaacTCGGGCTATGTCACTAATAC,gtgcGtAGAGACCCTCCGTCGGGCTATGTCACT,aaaaAGTGACATAGCCCGACGGAGGGTCTCTaC,
192,12,pegRNA,GTATTAGTGACATAGCCCGA,0.45,CGG,-,16,,GtAGAGACCCTCCGTCGGGCTATGTCACTA,G,13,0.46,31.532213861468904,17,0.65,PAM_intact,caccGTATTAGTGACATAGCCCGAgtttt,ctctaaaacTCGGGCTATGTCACTAATAC,gtgcGtAGAGACCCTCCGTCGGGCTATGTCACTA,aaaaTAGTGACATAGCCCGACGGAGGGTCTCTaC,
193,12,pegRNA,GTATTAGTGACATAGCCCGA,0.45,CGG,-,16,,GtAGAGACCCTCCGTCGGGCTATGTCACTAA,G,14,0.43,33.81806865960772,17,0.65,PAM_intact,caccGTATTAGTGACATAGCCCGAgtttt,ctctaaaacTCGGGCTATGTCACTAATAC,gtgcGtAGAGACCCTCCGTCGGGCTATGTCACTAA,aaaaTTAGTGACATAGCCCGACGGAGGGTCTCTaC,
194,12,pegRNA,GTATTAGTGACATAGCCCGA,0.45,CGG,-,16,,GGtAGAGACCCTCCGTCGGGCTATGTCACT,G,12,0.50,30.20946629971388,18,0.67,PAM_intact,caccGTATTAGTGACATAGCCCGAgtttt,ctctaaaacTCGGGCTATGTCACTAATAC,gtgcGGtAGAGACCCTCCGTCGGGCTATGTCACT,aaaaAGTGACATAGCCCGACGGAGGGTCTCTaCC,
195,12,pegRNA,GTATTAGTGACATAGCCCGA,0.45,CGG,-,16,,GGtAGAGACCCTCCGTCGGGCTATGTCACTA,G,13,0.46,31.532213861468904,18,0.67,PAM_intact,caccGTATTAGTGACATAGCCCGAgtttt,ctctaaaacTCGGGCTATGTCACTAATAC,gtgcGGtAGAGACCCTCCGTCGGGCTATGTCACTA,aaaaTAGTGACATAGCCCGACGGAGGGTCTCTaCC,
196,12,pegRNA,GTATTAGTGACATAGCCCGA,0.45,CGG,-,16,,GGtAGAGACCCTCCGTCGGGCTATGTCACTAA,G,14,0.43,33.81806865960772,18,0.67,PAM_intact,caccGTATTAGTGACATAGCCCGAgtttt,ctctaaaacTCGGGCTATGTCACTAATAC,gtgcGGtAGAGACCCTCCGTCGGGCTATGTCACTAA,aaaaTTAGTGACATAGCCCGACGGAGGGTCTCTaCC,
197,12,pegRNA,GTATTAGTGACATAGCCCGA,0.45,CGG,-,16,,GCGGtAGAGACCCTCCGTCGGGCTATGTCACT,G,12,0.50,30.20946629971388,20,0.70,PAM_intact,caccGTATTAGTGACATAGCCCGAgtttt,ctctaaaacTCGGGCTATGTCACTAATAC,gtgcGCGGtAGAGACCCTCCGTCGGGCTATGTCACT,aaaaAGTGACATAGCCCGACGGAGGGTCTCTaCCGC,
198,12,pegRNA,GTATTAGTGACATAGCCCGA,0.45,CGG,-,16,,GCGGtAGAGACCCTCCGTCGGGCTATGTCACTA,G,13,0.46,31.532213861468904,20,0.70,PAM_intact,caccGTATTAGTGACATAGCCCGAgtttt,ctctaaaacTCGGGCTATGTCACTAATAC,gtgcGCGGtAGAGACCCTCCGTCGGGCTATGTCACTA,aaaaTAGTGACATAGCCCGACGGAGGGTCTCTaCCGC,
199,12,pegRNA,GTATTAGTGACATAGCCCGA,0.45,CGG,-,16,,GCGGtAGAGACCCTCCGTCGGGCTATGTCACTAA,G,14,0.43,33.81806865960772,20,0.70,PAM_intact,caccGTATTAGTGACATAGCCCGAgtttt,ctctaaaacTCGGGCTATGTCACTAATAC,gtgcGCGGtAGAGACCCTCCGTCGGGCTATGTCACTAA,aaaaTTAGTGACATAGCCCGACGGAGGGTCTCTaCCGC,
200,12,ngRNA,CAAATTCAGCTCTGTTATCC,0.40,CGG,+,,-82,,,,,,,,PE3,caccGCAAATTCAGCTCTGTTATCC,aaacGGATAACAGAGCTGAATTTGC,,,
201,12,ngRNA,AAATTCAGCTCTGTTATCCC,0.40,GGG,+,,-81,,,,,,,,PE3,caccGAAATTCAGCTCTGTTATCCC,aaacGGGATAACAGAGCTGAATTTC,,,
202,12,ngRNA,CCCGGGCGTTATGTGTCAAA,0.55,TGG,+,,-64,,,,,,,,PE3,caccGCCCGGGCGTTATGTGTCAAA,aaacTTTGACACATAACGCCCGGGC,,,
203,12,ngRNA,ATGTGTCAAATGGCGTAGAA,0.40,CGG,+,,-54,,,,,,,,PE3,caccGATGTGTCAAATGGCGTAGAA,aaacTTCTACGCCATTTGACACATC,,,
204,12,ngRNA,TGTGTCAAATGGCGTAGAAC,0.45,GGG,+,,-53,,,,,,,,PE3,caccGTGTGTCAAATGGCGTAGAAC,aaacGTTCTACGCCATTTGACACAC,,,
205,12,ngRNA,GAACGGGATTGACTGTTTGA,0.45,CGG,+,,-37,,,,,,,,PE3,caccGAACGGGATTGACTGTTTGA,aaacTCAAACAGTCAATCCCGTTC,,,
206,12,ngRNA,CTGTTTGACGGTAGCTGCTG,0.55,AGG,+,,-25,,,,,,,,PE3,caccGCTGTTTGACGGTAGCTGCTG,aaacCAGCAGCTACCGTCAAACAGC,,,
207,12,ngRNA,TTTGACGGTAGCTGCTGAGG,0.55,CGG,+,,-22,,,,,,,,PE3,caccGTTTGACGGTAGCTGCTGAGG,aaacCCTCAGCAGCTACCGTCAAAC,,,
208,12,ngRNA,AGGCGGtAGAGACCCTCCGT,0.65,CGG,+,,-5,,,,,,,,PE3b-nonseed,caccGAGGCGGtAGAGACCCTCCGT,aaacACGGAGGGTCTCTaCCGCCTC,,,
209,12,ngRNA,GGCGGtAGAGACCCTCCGTC,0.70,GGG,+,,-4,,,,,,,,PE3b-nonseed,caccGGCGGtAGAGACCCTCCGTC,aaacGACGGAGGGTCTCTaCCGCC,,,
210,12,ngRNA,GATGCTGAACAAGTCGATGC,0.50,AGG,+,,53,,,,,,,,PE3,caccGATGCTGAACAAGTCGATGC,aaacGCATCGACTTGTTCAGCATC,,,
211,12,ngRNA,GCAGGCTCCCGTCTTTGAAA,0.55,AGG,+,,71,,,,,,,,PE3,caccGCAGGCTCCCGTCTTTGAAA,aaacTTTCAAAGACGGGAGCCTGC,,,
212,12,ngRNA,CAGGCTCCCGTCTTTGAAAA,0.50,GGG,+,,72,,,,,,,,PE3,caccGCAGGCTCCCGTCTTTGAAAA,aaacTTTTCAAAGACGGGAGCCTGC,,,
213,12,ngRNA,AGGCTCCCGTCTTTGAAAAG,0.50,GGG,+,,73,,,,,,,,PE3,caccGAGGCTCCCGTCTTTGAAAAG,aaacCTTTTCAAAGACGGGAGCCTC,,,
214,12,ngRNA,AAAAGGGGTAAACATACAAG,0.35,TGG,+,,88,,,,,,,,PE3,caccGAAAAGGGGTAAACATACAAG,aaacCTTGTATGTTTACCCCTTTTC,,,
215,12,ngRNA,ACATACAAGTGGATAGATGA,0.35,TGG,+,,99,,,,,,,,PE3,caccGACATACAAGTGGATAGATGA,aaacTCATCTATCCACTTGTATGTC,,,
216,12,ngRNA,CATACAAGTGGATAGATGAT,0.35,GGG,+,,100,,,,,,,,PE3,caccGCATACAAGTGGATAGATGAT,aaacATCATCTATCCACTTGTATGC,,,
217,12,ngRNA,CAAGTGGATAGATGATGGGT,0.45,AGG,+,,104,,,,,,,,PE3,caccGCAAGTGGATAGATGATGGGT,aaacACCCATCATCTATCCACTTGC,,,
218,12,ngRNA,AAGTGGATAGATGATGGGTA,0.40,GGG,+,,105,,,,,,,,PE3,caccGAAGTGGATAGATGATGGGTA,aaacTACCCATCATCTATCCACTTC,,,
219,12,ngRNA,AGTGGATAGATGATGGGTAG,0.45,GGG,+,,106,,,,,,,,PE3,caccGAGTGGATAGATGATGGGTAG,aaacCTACCCATCATCTATCCACTC,,,
